{
    "normals":[0,-0,1,-8.83248e-07,0,1,-4.41624e-07,-1.10406e-07,1,0,0,1,-4.41624e-07,0,1,-8.83248e-07,2.20812e-07,1],
    "vertices":[-0.283923,2.79056,-0.51721,-0.283923,3.06049,-0.51721,-0.148956,2.79056,-0.51721,-0.148956,3.06049,-0.51721,-0.216439,2.79056,-0.51721,0.255945,2.79056,-0.51721,0.255945,3.06049,-0.51721,0.120978,2.79056,-0.51721,0.120978,3.06049,-0.51721,0.188462,2.79056,-0.51721],
    "faces":[40,1,0,4,4,0,1,0,0,0,40,4,2,3,1,2,3,1,1,1,40,4,3,1,1,3,4,2,2,2,40,9,5,6,1,0,4,3,3,3,40,6,8,7,4,3,2,4,4,4,40,6,7,9,4,2,1,5,5,5],
    "uvs":[[0.716036,0.667293,0.723678,0.667293,0.73132,0.667293,0.73132,0.700265,0.716036,0.700265]],
    "metadata":{
        "normals":6,
        "vertices":10,
        "generator":"io_three",
        "version":3,
        "type":"Geometry",
        "faces":6,
        "uvs":1
    }
}